timestamp,precio_uf,is_demo,comuna,tipo_propiedad,metros_totales,metros_construidos,dormitorios,banos,estacionamientos,antiguedad_anos,piso,orientacion,gastos_comunes,cercania_metro,ascensor
2025-06-20 21:07:53.081368,623013.4742232797,False,Maipú,Casa,140.0,90.0,4,2,1,10,1,Norte,0,False,False
2025-06-20 21:11:08.725052,2675.0,False,Maipú,Casa,140.0,90.0,4,2,1,25,1,Suroriente,0,False,False
2025-06-20 21:14:16.050284,2450.0,False,Maipú,Departamento,140.0,90.0,4,2,1,25,1,Suroriente,50000,False,False
2025-06-20 21:15:28.336699,5150.0,False,Providencia,Departamento,120.0,90.0,4,2,1,25,9,Suroriente,70000,False,True
2025-06-20 21:45:13.682367,3800.0,False,Conchalí,Departamento,100.0,90.0,2,2,1,10,5,Norte,120000,False,True
2025-06-20 23:14:02.732267,3800.0,False,Huechuraba,Departamento,100.0,90.0,4,2,1,25,8,Norte,100000,False,False
2025-06-21 21:53:39.487591,4595.82843109686,True,Independencia,Casa,100.0,90.0,4,2,1,30,1,Norte,0,False,False
2025-06-21 23:25:02.411058,4383.408127031124,True,La Florida,Casa,100.0,90.0,4,3,1,10,1,Norte,0,False,False
2025-06-21 23:25:29.610882,5517.705716204505,True,Maipú,Casa,100.0,90.0,4,3,1,10,1,Norte,0,False,False
2025-06-21 23:25:56.292661,5517.462044961945,True,Puente Alto,Casa,100.0,90.0,4,3,1,10,1,Norte,0,False,False
2025-06-21 23:26:29.792690,5620.60755004605,True,Recoleta,Casa,100.0,90.0,4,3,1,10,1,Norte,0,False,False
2025-06-21 23:27:15.394795,4242.5163590304655,True,La Florida,Casa,100.0,90.0,4,3,1,10,1,Norte,0,False,False
2025-06-21 23:28:55.612984,7542.760782754495,True,Providencia,Casa,100.0,90.0,4,3,1,10,1,Norte,0,False,False
2025-06-21 23:29:24.088554,5558.319710904029,True,Maipú,Casa,100.0,90.0,4,3,1,10,1,Norte,0,False,False
2025-06-21 23:29:50.801255,6637.436012192229,True,La Reina,Casa,100.0,90.0,4,3,1,10,1,Norte,0,False,False
2025-06-21 23:51:53.000020,3423.949603068604,True,La Florida,Departamento,100.0,90.0,4,3,1,30,1,Norte,50000,False,False
2025-06-21 23:52:10.233446,7313.652746097873,True,Las Condes,Departamento,100.0,90.0,4,3,1,30,1,Norte,50000,False,False
2025-06-21 23:52:20.418393,7087.656127559094,True,Las Condes,Departamento,100.0,90.0,4,3,1,30,1,Norte,50000,False,False
2025-06-21 23:52:32.175109,5559.8474920052,True,La Reina,Casa,100.0,90.0,4,3,1,30,1,Norte,0,False,False
2025-06-21 23:53:12.818321,5135.311317875643,True,Independencia,Casa,100.0,90.0,4,3,1,30,1,Norte,0,False,False
2025-06-21 23:53:39.192644,5289.69673746951,True,Santiago Centro,Casa,100.0,90.0,4,3,1,30,1,Norte,0,False,False
2025-06-22 09:17:26.024695,9680.86095541582,False,Departamento,100,90,3,2,1,10,Norte,3,False,Las Condes
2025-06-22 09:17:26.347587,7776.756040948822,False,Departamento,100,90,3,2,1,10,Norte,3,False,Providencia
2025-06-22 09:17:26.665199,7485.277761755899,False,Departamento,100,90,3,2,1,10,Norte,3,False,La Reina
2025-06-22 09:17:26.982570,6134.252192560065,False,Departamento,100,90,3,2,1,10,Norte,3,False,Santiago Centro
2025-06-22 09:17:27.300418,6549.4103143807115,False,Departamento,100,90,3,2,1,10,Norte,3,False,Independencia
2025-06-22 09:17:27.618168,6724.656126691814,False,Departamento,100,90,3,2,1,10,Norte,3,False,Ñuñoa
2025-06-22 09:27:19.152005,9680.860955415817,False,Departamento,100,90,3,2,1,10,Norte,3,False,Las Condes
2025-06-22 09:27:19.511374,7776.756040948818,False,Departamento,100,90,3,2,1,10,Norte,3,False,Providencia
2025-06-22 09:27:19.826043,7485.277761755897,False,Departamento,100,90,3,2,1,10,Norte,3,False,La Reina
2025-06-22 09:27:20.140909,6134.252192560064,False,Departamento,100,90,3,2,1,10,Norte,3,False,Santiago Centro
2025-06-22 09:27:20.459655,6549.4103143807115,False,Departamento,100,90,3,2,1,10,Norte,3,False,Independencia
2025-06-22 09:27:20.775602,6724.656126691814,False,Departamento,100,90,3,2,1,10,Norte,3,False,Ñuñoa
2025-06-22 13:33:00.290327,7234.896223652851,False,Conchalí,Departamento,150.0,90.0,4,3,1,10,5,Norte,120000,False,True
2025-06-22 13:33:07.546890,7434.905903479147,False,Conchalí,Casa,150.0,90.0,4,3,1,10,1,Norte,0,False,False
2025-06-22 13:33:22.867227,10907.98338845133,False,Las Condes,Casa,150.0,90.0,4,3,1,10,1,Norte,0,False,False
2025-06-22 13:34:09.095597,8180.883187000343,False,La Reina,Casa,150.0,90.0,4,3,1,10,1,Norte,0,False,False
2025-06-22 13:34:21.226016,7434.90590347915,False,San Miguel,Casa,150.0,90.0,4,3,1,10,1,Norte,0,False,False
2025-06-22 13:34:32.476874,7176.680806477846,False,Santiago Centro,Casa,150.0,90.0,4,3,1,10,1,Norte,0,False,False
2025-06-22 15:03:12.128080,6308.852212187546,False,Conchalí,Casa,100.0,90.0,4,3,1,30,1,Nororiente,0,False,False
2025-06-22 15:03:28.251619,4319.789719813273,False,La Florida,Casa,100.0,90.0,4,3,1,30,1,Nororiente,0,False,False
2025-06-22 15:03:51.937579,7419.450919633063,False,La Reina,Casa,100.0,90.0,4,3,1,30,1,Norte,0,False,False
2025-06-22 15:38:41.958482,4704.186686969762,False,La Florida,Casa,100.0,90.0,4,3,1,10,1,Norte,0,False,False
2025-06-22 15:39:01.622732,10715.049271434764,False,Las Condes,Casa,100.0,90.0,4,3,1,10,1,Norte,0,False,False
2025-06-22 15:39:08.201173,10715.049271434764,False,Las Condes,Casa,100.0,90.0,4,3,1,10,1,Norte,0,False,False
2025-06-22 15:39:15.953024,7361.577411655776,False,Puente Alto,Casa,100.0,90.0,4,3,1,10,1,Norte,0,False,False
2025-06-22 15:39:30.126316,12307.328553636653,False,Vitacura,Casa,100.0,90.0,4,3,1,10,1,Norte,0,False,False
2025-06-22 15:39:54.330831,12307.328553636651,False,Vitacura,Casa,100.0,90.0,4,3,1,10,1,Norte,0,False,False
2025-06-22 15:40:04.360508,12307.328553636651,False,Vitacura,Casa,100.0,90.0,4,3,1,10,1,Norte,0,False,False
2025-06-22 17:54:11.883004,9352.70008468852,False,Las Condes,Departamento,100.0,90.0,2,2,1,10,5,Norte,120000,False,True
2025-06-23 13:01:35.592281,6488.28945661798,False,Conchalí,Departamento,100.0,90.0,2,2,1,10,5,Norte,120000,False,True
